<?xml version="1.0" encoding="UTF-8"?>
<configuration scan="true" scanPeriod="10 seconds">
	<contextName>LcenterPlatform</contextName>
	<!-- Simple file output -->
	<appender name="FILE"
		class="ch.qos.logback.core.rolling.RollingFileAppender">
		<!-- encoder defaults to ch.qos.logback.classic.encoder.PatternLayoutEncoder -->
		<encoder>
			<pattern>
				[ %-5level] [%date{yyyy-MM-dd HH:mm:ss}] %logger{96} [%line] - %msg%n
			</pattern>
			<charset>UTF-8</charset> <!-- 此处设置字符集 -->
		</encoder>

		<rollingPolicy class="ch.qos.logback.core.rolling.TimeBasedRollingPolicy">
			<!-- rollover daily 配置日志所生成的目录以及生成文件名的规则 -->
			<fileNamePattern>${user.dir}/logs/lcenter-%d{yyyy-MM-dd}.%i.log</fileNamePattern>
			<timeBasedFileNamingAndTriggeringPolicy
				class="ch.qos.logback.core.rolling.SizeAndTimeBasedFNATP">
				<!-- or whenever the file size reaches 64 MB -->
				<maxFileSize>64 MB</maxFileSize>
			</timeBasedFileNamingAndTriggeringPolicy>
		</rollingPolicy>
		<!-- 
		<filter class="ch.qos.logback.classic.filter.ThresholdFilter">
			<level>INFO</level>
		</filter>
		 -->
		<!-- Safely log to the same file from multiple JVMs. Degrades performance! -->
		<prudent>true</prudent>
	</appender>


	<!-- Console output -->
	<appender name="STDOUT" class="ch.qos.logback.core.ConsoleAppender">
		<!-- encoder defaults to ch.qos.logback.classic.encoder.PatternLayoutEncoder -->
		<encoder>
			<pattern>
				[ %-5level] [%date{yyyy-MM-dd HH:mm:ss}] %logger{96} [%line] - %msg%n
			</pattern>
			<charset>UTF-8</charset> <!-- 此处设置字符集 -->
		</encoder>
		<!-- Only log level WARN and above 
		<filter class="ch.qos.logback.classic.filter.ThresholdFilter">
			<level>INFO</level>
		</filter>
		-->
	</appender>
	
	<root level="info">
		<appender-ref ref="FILE" />
		<appender-ref ref="STDOUT" />
	</root>
</configuration>  